,R01,R02,R03,R04,R05,R06,R07,R08,R09,R10,R11,R12
F01,A1,A2,A3,A4,A5,A6,A7,A8,A9,A10,A11,A12
F02,B1,B2,B3,B4,B5,B6,B7,B8,B9,B10,B11,B12
F03,C1,C2,C3,C4,C5,C6,C7,C8,C9,C10,C11,C12
F04,D1,D2,D3,D4,D5,D6,D7,D8,D9,D10,D11,D12
F05,E1,E2,E3,E4,E5,E6,E7,E8,E9,E10,E11,E12
F06,F1,F2,F3,F4,F5,F6,F7,F8,F9,F10,F11,F12
F07,G1,G2,G3,G4,G5,G6,G7,G8,G9,G10,G11,G12
F08,H1,H2,H3,H4,H5,H6,H7,H8,H9,H10,H11,H12
,,,,,,,,,,,,
,R01,R02,R03,R04,R05,R06,R07,R08,R09,R10,R11,R12
F01,I1,I2,I3,I4,I5,I6,I7,I8,I9,I10,I11,I12
F02,J1,J2,J3,J4,J5,J6,J7,J8,J9,J10,J11,J12
F03,K1,K2,K3,K4,K5,K6,K7,K8,K9,K10,K11,K12
F04,L1,L2,L3,L4,L5,L6,L7,L8,L9,L10,L11,L12
F05,M1,M2,M3,M4,M5,M6,M7,M8,M9,M10,M11,M12
F06,N1,N2,N3,N4,N5,N6,N7,N8,N9,N10,N11,N12
F07,O1,O2,O3,O4,O5,O6,O7,O8,O9,O10,O11,O12
F08,P1,P2,P3,P4,P5,P6,P7,P8,P9,P10,P11,P12
,,,,,,,,,,,,
,R01,R02,R03,R04,R05,R06,R07,R08,R09,R10,R11,R12
F01,Q1,Q2,Q3,Q4,Q5,Q6,Q7,Q8,Q9,Q10,Q11,Q12
F02,R1,R2,R3,R4,R5,R6,R7,R8,R9,R10,R11,R12
F03,S1,S2,S3,S4,S5,S6,S7,S8,S9,S10,S11,S12
F04,T1,T2,T3,T4,T5,T6,T7,T8,T9,T10,T11,T12
F05,U1,U2,U3,U4,U5,U6,U7,U8,U9,U10,U11,U12
F06,V1,V2,V3,V4,V5,V6,V7,V8,V9,V10,V11,V12
F07,W1,W2,W3,W4,W5,W6,W7,W8,W9,W10,W11,W12
F08,X1,X2,X3,X4,X5,X6,X7,X8,X9,X10,X11,X12
,,,,,,,,,,,,
,R01,R02,R03,R04,R05,R06,R07,R08,R09,R10,R11,R12
F01,Y1,Y2,Y3,Y4,Y5,Y6,Y7,Y8,Y9,Y10,Y11,Y12
F02,Z1,Z2,Z3,Z4,Z5,Z6,Z7,Z8,Z9,Z10,Z11,Z12
F03,AA1,AA2,AA3,AA4,AA5,AA6,AA7,AA8,AA9,AA10,AA11,AA12
F04,AB1,AB2,AB3,AB4,AB5,AB6,AB7,AB8,AB9,AB10,AB11,AB12
F05,AC1,AC2,AC3,AC4,AC5,AC6,AC7,AC8,AC9,AC10,AC11,AC12
F06,AD1,AD2,AD3,AD4,AD5,AD6,AD7,AD8,AD9,AD10,AD11,AD12
F07,AE1,AE2,AE3,AE4,AE5,AE6,AE7,AE8,AE9,AE10,AE11,AE12
F08,AF1,AF2,AF3,AF4,AF5,AF6,AF7,AF8,AF9,AF10,AF11,AF12
